﻿<Properties>
  <Bullets id="intro" color="#666666" font="FONT_CALIBRI11" width="360">
		<Bullet id="Bullet1" image="common/images/common/bullet_short" spacing="10">Spiele 50 Abenteuer-Levels durch Nacht, Nebel, einen Pool und mehr.</Bullet>
		<Bullet id="Bullet2" image="common/images/common/bullet_short" spacing="10">Schalte alle fünf Spiel-Modi und den Almanach frei.</Bullet>
		<Bullet id="Bullet3" image="common/images/common/bullet_short" spacing="10">Bekämpfe 26 verschiedene Zombies und verdiene 49 Zombie-bekämpfende Pflanzen.</Bullet>
		<Bullet id="Bullet4" image="common/images/common/bullet_short">PopCap erinnert sich an deinen Einkauf, falls du das Spiel jemals erneut herunterladen musst.</Bullet>
	</Bullets>
  <Bullets id="outro1" color="#666666" font="FONT_CALIBRI11" width="200">
		<Bullet id="Bullet1" image="common/images/common/bullet_tall" spacing="10">Spiele 50 Abenteuer-Levels durch Nacht, Nebel, einen Pool und mehr.</Bullet>
		<Bullet id="Bullet2" image="common/images/common/bullet_tall" spacing="5">Schalte alle fünf Spiel-Modi und den Almanach frei.</Bullet>
	</Bullets>
  <Bullets id="outro2" color="#666666" font="FONT_CALIBRI11" width="200">
		<Bullet id="Bullet1" image="common/images/common/bullet_tall" spacing="10">Bekämpfe 26 verschiedene Zombies und verdiene 49 Zombie-bekämpfende Pflanzen.</Bullet>
		<Bullet id="Bullet2" image="common/images/common/bullet_tall" spacing="5">PopCap erinnert sich an deinen Einkauf, falls du das Spiel jemals erneut herunterladen musst.</Bullet>
	</Bullets>
  <String id="TrialScreenShotPath">custom/images/game_screens/</String>
  <String id="TrialScreenShotNames">screenshot1,screenshot2,screenshot3,screenshot4</String>
  <String id="TrialScreenShotCoords">41,128</String>
  <String id="GameTitle">Plants vs. Zombies</String>
  <String id="MessageTrialScreenPreBullet">Mach dich bereit deine Pflanzen einzupflanzen!</String>
  <String id="MessageExpireScreenPreBullet">Kaufe das Spiel jetzt für grenzenloses spielen!</String>
  <String id="GetMoreGamesURL">http://www.popcap.com/moregames/?whid=56:3:3:4:52</String>
  <String id="CopyrightDisclaimer">©2009 PopCap Games, Inc. Vollständige Informationen zum Copyright und zu den Marken finden Sie in der Liesmich-Datei des&cr;Spiels. Alle Rechte vorbehalten.</String>
  <String id="MessageEnglishOnly">Dieses Spiel ist zur Zeit nur auf Englisch erhältlich.</String>
</Properties>