﻿<?xml version="1.0" encoding="UTF-8" ?>
<Properties>
	<String id="ABORT_DIALOG_LINE1">Abgebrochen!</String>
	<String id="ABORT_DIALOG_LINE2">%InstallName% wurde nicht ordnungsgemäß installiert und ist daher nicht funktionsfähig.</String>
	<String id="ABORT_DIALOG_LINE3">Technische Unterstützung findest du unter: http://www.popcap.com/help.php.</String>
	<String id="ABORT_DIALOG_TITLE">Installation von %InstallName% abgebrochen!</String>
	<String id="ABORT_POPUP_TEXT">%InstallName% wurde nicht vollständig auf deinem Computer installiert.&cr;Möchtest du die Installation abbrechen?</String>
	<String id="ABORT_POPUP_TITLE">%InstallName% - Installation abbrechen?</String>
	<String id="ADMINISTRATOR_ACCOUNT_MESSAGE">Dieses Produkt muss über ein Administratorkonto installiert werden.</String>
	<String id="BROWSE_FOR_FOLDER">Ordner suchen</String>
	<String id="BUTTON_AGREE">Ich stimme zu</String>
	<String id="BUTTON_BACK">&lt; Zurück</String>
	<String id="BUTTON_BROWSE">Durchsuchen</String>
	<String id="BUTTON_CANCEL">Abbrechen</String>
	<String id="BUTTON_CHANGE_SETTINGS">Einstellungen ändern</String>
	<String id="BUTTON_DONE">Fertig</String>
	<String id="BUTTON_DONT_AGREE">Ich stimme nicht zu</String>
	<String id="BUTTON_EXIT">Beenden</String>
	<String id="BUTTON_NEXT">Weiter &gt;</String>
	<String id="BUTTON_NO">Nein</String>
	<String id="BUTTON_VIEW_README">Liesmich-Datei anzeigen</String>
	<String id="BUTTON_YES">Ja</String>
	<String id="COINITIALIZE_FAILED">CoInitialize fehlgeschlagen.</String>
	<String id="DRIVE_NOT_SUFFICIENT">Das angegebene Laufwerk enthält nicht genügend Speicherplatz. Wähle einen anderen Pfad aus.</String>
	<String id="DRIVE_NOT_SUFFICIENT_TITLE">Unzureichender Speicherplatz!</String>
	<String id="DX_UPGRADE_TEXT">Für die Ausführung von %InstallName% ist mindestens DirectX %MinDXVer% erforderlich.&cr;Klicke auf &quot;OK&quot;, um eine Webseite zu öffnen, von der du DirectX herunterladen kannst.</String>
	<String id="DX_UPGRADE_TITLE">DirectX %MinDXVer% erforderlich</String>
	<String id="FATAL_POPUP_TITLE">%InstallName% - Schwerwiegender Fehler</String>
	<String id="INSTALL_DIALOG_EXTRACTING">Extrahieren</String>
	<String id="INSTALL_DIALOG_LINE1">Installieren ...</String>
	<String id="INSTALL_DIALOG_TITLE">%InstallName% installieren ...</String>
	<String id="INSTALL_DIALOG_TOTAL_PROGRESS">Gesamtfortschritt</String>
	<String id="INSTALL_ERROR">FEHLER BEI DER INSTALLATION</String>
	<String id="INVALID_DRIVE_SPECIFIED">Das angegebene Laufwerk ist ungültig. Wähle einen anderen Pfad aus.</String>
	<String id="INVALID_DRIVE_TITLE">Ungültiges Laufwerk!</String>
	<String id="INVALID_PATH_CHARACTER_TEXT">Der angegebene Pfad enthält ein ungültiges Zeichen. Wähle einen anderen Pfad aus.</String>
	<String id="INVALID_PATH_DRIVE_TEXT">Gib einen Pfad mit Laufwerksbuchstaben an.</String>
	<String id="INVALID_PATH_TEXT">Gib einen gültigen lokalen Pfad für die Installation an.</String>
	<String id="INVALID_PATH_TITLE">Ungültiger Pfad!</String>
	<String id="INVALID_STARTMENU_CHARACTER_TEXT">Die angegebene Startmenü-Position enthält ein ungültiges Zeichen. Wähle eine andere Startmenü-Position.</String>
	<String id="INVALID_STARTMENU_TITLE">Ungültige Startmenü-Position!</String>
	<String id="LAUNCH_DIALOG_LAUNCH_CHECK">Spiel jetzt starten</String>
	<String id="LAUNCH_DIALOG_LINE1">Fertig!</String>
	<String id="LAUNCH_DIALOG_LINE2">%InstallName% wurde installiert und kann ab sofort gespielt werden!</String>
	<String id="LAUNCH_DIALOG_LINE3">Bei eventuellen Problemen findest du Hilfe unter: http://www.popcap.com/help.php.</String>
	<String id="LAUNCH_DIALOG_TITLE">Installation von %InstallName% abgeschlossen!</String>
	<String id="LICENSE_DIALOG_LINE1">Lizenzvereinbarung</String>
	<String id="LICENSE_DIALOG_TITLE">%InstallName%-Lizenzvereinbarung</String>
	<String id="LICENSE_TXT_FILENAME">eula.txt</String>
	<String id="MAKE_NEW_FOLDER">Neuen Ordner estellen</String>
	<String id="OPTIONS_DIALOG_DIRECTORY">Verzeichnis für PopCap-Spiele:</String>
	<String id="OPTIONS_DIALOG_LINE1">Einstellungen</String>
	<String id="OPTIONS_DIALOG_MENU_LOCATION">Position der PopCap-Verknüpfungen im Startmenü:</String>
	<String id="OPTIONS_DIALOG_TITLE">%InstallName%-Installationseinstellungen</String>
	<String id="README_HTML_FILENAME">liesmich.html</String>
	<String id="README_TXT_FILENAME">liesmich.txt</String>
	<String id="SELECT_DIRECTORY">Verzeichnis wählen</String>
	<String id="UNINSTALL_ADMINISTRATOR_ACCOUNT_MESSAGE">Dieses Produkt muss über ein Administratorkonto deinstalliert werden.</String>
	<String id="UNINSTALL_DIALOG_TITLE">%InstallName% deinstallieren ...</String>
	<String id="UNINSTALL_ENSURE_NOT_RUNNING_TEXT">Vergewissere dich zunächst, dass %InstallName% nicht ausgeführt wird.</String>
	<String id="UNINSTALL_ENSURE_NOT_RUNNING_TITLE">%InstallName% - Deinstallationswarnung</String>
	<String id="UNINSTALL_FAILED_POPUP_TEXT">%InstallName% konnte nicht deinstalliert werden.</String>
	<String id="UNINSTALL_FAILED_POPUP_TITLE">Deinstallation von %InstallName% fehlgeschlagen!</String>
	<String id="UNINSTALL_LEAVE_USER_DATA">Konfiguration und Benutzerdaten beibehalten</String>
	<String id="UNINSTALL_LOG_FILE_NOT_FOUND">Install Log nicht gefunden</String>
	<String id="UNINSTALL_POPUP_TEXT">Soll %InstallName% wirklich deinstalliert werden?</String>
	<String id="UNINSTALL_POPUP_TITLE">%InstallName% deinstallieren?</String>
	<String id="UNINSTALL_SUCCESS_POPUP_TEXT">%InstallName% wurde erfolgreich deinstalliert.</String>
	<String id="UNINSTALL_SUCCESS_POPUP_TITLE">Deinstallation von %InstallName% erfolgreich</String>
	<String id="WELCOME_DIALOG_DIRECTORY">Verzeichnis für PopCap-Spiele:</String>
	<String id="WELCOME_DIALOG_LINE1">Herzlich willkommen!</String>
	<String id="WELCOME_DIALOG_LINE2">Herzlich willkommen zum %InstallName%-Installationsprogramm. Klicke auf &quot;Weiter&quot;, um die Installation mit den unten aufgeführten Standardeinstellungen fortzusetzen.</String>
	<String id="WELCOME_DIALOG_MENU_LOCATION">Position der PopCap-Verknüpfungen im Startmenü:</String>
	<String id="WELCOME_DIALOG_TITLE">%InstallName%-Installationsprogramm</String>
</Properties>
